,city,province,country,confirm,heal,dead,suspect,update_time
0,武汉,湖北,中国,47824,13328,2104,0,2020-02-27 21:02:04
1,孝感,湖北,中国,3516,1622,113,0,2020-02-27 21:02:04
2,黄冈,湖北,中国,2904,1948,110,0,2020-02-27 21:02:04
3,荆州,湖北,中国,1579,867,45,0,2020-02-27 21:02:04
4,鄂州,湖北,中国,1389,611,42,0,2020-02-27 21:02:04
5,随州,湖北,中国,1307,693,37,0,2020-02-27 21:02:04
6,襄阳,湖北,中国,1175,701,31,0,2020-02-27 21:02:04
7,黄石,湖北,中国,1013,613,33,0,2020-02-27 21:02:04
8,宜昌,湖北,中国,929,396,30,0,2020-02-27 21:02:04
9,荆门,湖北,中国,923,508,37,0,2020-02-27 21:02:04
10,咸宁,湖北,中国,836,607,11,0,2020-02-27 21:02:04
11,十堰,湖北,中国,671,372,3,0,2020-02-27 21:02:04
12,仙桃,湖北,中国,575,356,19,0,2020-02-27 21:02:04
13,天门,湖北,中国,496,307,13,0,2020-02-27 21:02:04
14,恩施州,湖北,中国,251,164,4,0,2020-02-27 21:02:04
15,潜江,湖北,中国,197,97,9,0,2020-02-27 21:02:04
16,神农架,湖北,中国,11,10,0,0,2020-02-27 21:02:04
17,监狱系统,湖北,中国,0,0,0,0,2020-02-27 21:02:04
18,深圳,广东,中国,417,271,3,0,2020-02-27 21:02:04
19,广州,广东,中国,346,231,1,0,2020-02-27 21:02:04
20,珠海,广东,中国,98,61,1,0,2020-02-27 21:02:04
21,东莞,广东,中国,97,43,1,0,2020-02-27 21:02:04
22,佛山,广东,中国,84,36,0,0,2020-02-27 21:02:04
23,中山,广东,中国,66,55,0,0,2020-02-27 21:02:04
24,惠州,广东,中国,62,52,0,0,2020-02-27 21:02:04
25,汕头,广东,中国,25,22,0,0,2020-02-27 21:02:04
26,江门,广东,中国,23,11,0,0,2020-02-27 21:02:04
27,湛江,广东,中国,22,14,0,0,2020-02-27 21:02:04
28,肇庆,广东,中国,19,13,1,0,2020-02-27 21:02:04
29,梅州,广东,中国,16,12,0,0,2020-02-27 21:02:04
30,茂名,广东,中国,14,7,0,0,2020-02-27 21:02:04
31,阳江,广东,中国,14,10,0,0,2020-02-27 21:02:04
32,清远,广东,中国,12,12,0,0,2020-02-27 21:02:04
33,韶关,广东,中国,10,7,0,0,2020-02-27 21:02:04
34,揭阳,广东,中国,8,5,0,0,2020-02-27 21:02:04
35,汕尾,广东,中国,5,4,0,0,2020-02-27 21:02:04
36,潮州,广东,中国,5,3,0,0,2020-02-27 21:02:04
37,河源,广东,中国,4,4,0,0,2020-02-27 21:02:04
38,地区待确认,广东,中国,0,0,0,0,2020-02-27 21:02:04
39,信阳,河南,中国,274,28,3,0,2020-02-27 21:02:04
40,郑州,河南,中国,157,36,1,0,2020-02-27 21:02:04
41,南阳,河南,中国,156,28,3,0,2020-02-27 21:02:04
42,驻马店,河南,中国,139,25,0,0,2020-02-27 21:02:04
43,商丘,河南,中国,91,9,3,0,2020-02-27 21:02:04
44,周口,河南,中国,76,16,1,0,2020-02-27 21:02:04
45,平顶山,河南,中国,58,13,1,0,2020-02-27 21:02:04
46,新乡,河南,中国,57,6,3,0,2020-02-27 21:02:04
47,安阳,河南,中国,53,10,0,0,2020-02-27 21:02:04
48,许昌,河南,中国,39,2,0,0,2020-02-27 21:02:04
49,漯河,河南,中国,35,6,0,0,2020-02-27 21:02:04
50,焦作,河南,中国,32,1,1,0,2020-02-27 21:02:04
51,洛阳,河南,中国,31,2,1,0,2020-02-27 21:02:04
52,开封,河南,中国,26,1,0,0,2020-02-27 21:02:04
53,鹤壁,河南,中国,19,3,0,0,2020-02-27 21:02:04
54,濮阳,河南,中国,17,1,0,0,2020-02-27 21:02:04
55,三门峡,河南,中国,7,3,1,0,2020-02-27 21:02:04
56,济源示范区,河南,中国,5,0,0,0,2020-02-27 21:02:04
57,地区待确认,河南,中国,0,872,2,0,2020-02-27 21:02:04
58,温州,浙江,中国,504,354,1,0,2020-02-27 21:02:04
59,杭州,浙江,中国,169,145,0,0,2020-02-27 21:02:04
60,宁波,浙江,中国,157,134,0,0,2020-02-27 21:02:04
61,台州,浙江,中国,146,101,0,0,2020-02-27 21:02:04
62,金华,浙江,中国,55,43,0,0,2020-02-27 21:02:04
63,嘉兴,浙江,中国,45,32,0,0,2020-02-27 21:02:04
64,绍兴,浙江,中国,42,31,0,0,2020-02-27 21:02:04
65,省十里丰监狱,浙江,中国,36,3,0,0,2020-02-27 21:02:04
66,丽水,浙江,中国,17,14,0,0,2020-02-27 21:02:04
67,衢州,浙江,中国,14,11,0,0,2020-02-27 21:02:04
68,湖州,浙江,中国,10,7,0,0,2020-02-27 21:02:04
69,舟山,浙江,中国,10,6,0,0,2020-02-27 21:02:04
70,长沙,湖南,中国,242,164,2,0,2020-02-27 21:02:04
71,岳阳,湖南,中国,156,107,1,0,2020-02-27 21:02:04
72,邵阳,湖南,中国,102,90,1,0,2020-02-27 21:02:04
73,常德,湖南,中国,82,67,0,0,2020-02-27 21:02:04
74,株洲,湖南,中国,80,56,0,0,2020-02-27 21:02:04
75,娄底,湖南,中国,76,58,0,0,2020-02-27 21:02:04
76,益阳,湖南,中国,59,56,0,0,2020-02-27 21:02:04
77,衡阳,湖南,中国,48,38,0,0,2020-02-27 21:02:04
78,永州,湖南,中国,44,42,0,0,2020-02-27 21:02:04
79,怀化,湖南,中国,40,40,0,0,2020-02-27 21:02:04
80,郴州,湖南,中国,39,33,0,0,2020-02-27 21:02:04
81,湘潭,湖南,中国,36,29,0,0,2020-02-27 21:02:04
82,湘西自治州,湖南,中国,8,8,0,0,2020-02-27 21:02:04
83,张家界,湖南,中国,5,5,0,0,2020-02-27 21:02:04
84,合肥,安徽,中国,174,139,1,0,2020-02-27 21:02:04
85,蚌埠,安徽,中国,160,136,5,0,2020-02-27 21:02:04
86,阜阳,安徽,中国,155,119,0,0,2020-02-27 21:02:04
87,亳州,安徽,中国,108,99,0,0,2020-02-27 21:02:04
88,安庆,安徽,中国,83,79,0,0,2020-02-27 21:02:04
89,六安,安徽,中国,69,53,0,0,2020-02-27 21:02:04
90,宿州,安徽,中国,41,33,0,0,2020-02-27 21:02:04
91,马鞍山,安徽,中国,38,25,0,0,2020-02-27 21:02:04
92,芜湖,安徽,中国,33,30,0,0,2020-02-27 21:02:04
93,铜陵,安徽,中国,29,26,0,0,2020-02-27 21:02:04
94,淮南,安徽,中国,27,21,0,0,2020-02-27 21:02:04
95,淮北,安徽,中国,27,22,0,0,2020-02-27 21:02:04
96,池州,安徽,中国,17,13,0,0,2020-02-27 21:02:04
97,滁州,安徽,中国,13,10,0,0,2020-02-27 21:02:04
98,黄山,安徽,中国,9,6,0,0,2020-02-27 21:02:04
99,宣城,安徽,中国,6,4,0,0,2020-02-27 21:02:04
100,南昌,江西,中国,229,193,0,0,2020-02-27 21:02:04
101,新余,江西,中国,130,115,0,0,2020-02-27 21:02:04
102,上饶,江西,中国,123,101,0,0,2020-02-27 21:02:04
103,九江,江西,中国,118,80,0,0,2020-02-27 21:02:04
104,宜春,江西,中国,106,95,0,0,2020-02-27 21:02:04
105,赣州,江西,中国,76,61,1,0,2020-02-27 21:02:04
106,抚州,江西,中国,72,61,0,0,2020-02-27 21:02:04
107,萍乡,江西,中国,33,20,0,0,2020-02-27 21:02:04
108,吉安,江西,中国,22,13,0,0,2020-02-27 21:02:04
109,鹰潭,江西,中国,18,11,0,0,2020-02-27 21:02:04
110,景德镇,江西,中国,6,3,0,0,2020-02-27 21:02:04
111,赣江新区,江西,中国,1,1,0,0,2020-02-27 21:02:04
112,济宁,山东,中国,258,43,0,0,2020-02-27 21:02:04
113,青岛,山东,中国,60,42,1,0,2020-02-27 21:02:04
114,临沂,山东,中国,49,45,0,0,2020-02-27 21:02:04
115,烟台,山东,中国,47,27,0,0,2020-02-27 21:02:04
116,济南,山东,中国,47,25,0,0,2020-02-27 21:02:04
117,潍坊,山东,中国,44,24,0,0,2020-02-27 21:02:04
118,威海,山东,中国,38,27,0,0,2020-02-27 21:02:04
119,聊城,山东,中国,38,31,0,0,2020-02-27 21:02:04
120,德州,山东,中国,37,15,2,0,2020-02-27 21:02:04
121,泰安,山东,中国,35,23,2,0,2020-02-27 21:02:04
122,淄博,山东,中国,30,18,1,0,2020-02-27 21:02:04
123,枣庄,山东,中国,24,22,0,0,2020-02-27 21:02:04
124,菏泽,山东,中国,18,17,0,0,2020-02-27 21:02:04
125,日照,山东,中国,16,12,0,0,2020-02-27 21:02:04
126,滨州,山东,中国,15,12,0,0,2020-02-27 21:02:04
127,南京,江苏,中国,93,58,0,0,2020-02-27 21:02:04
128,苏州,江苏,中国,87,59,0,0,2020-02-27 21:02:04
129,徐州,江苏,中国,79,69,0,0,2020-02-27 21:02:04
130,淮安,江苏,中国,66,50,0,0,2020-02-27 21:02:04
131,无锡,江苏,中国,55,45,0,0,2020-02-27 21:02:04
132,常州,江苏,中国,51,48,0,0,2020-02-27 21:02:04
133,连云港,江苏,中国,48,33,0,0,2020-02-27 21:02:04
134,南通,江苏,中国,40,37,0,0,2020-02-27 21:02:04
135,泰州,江苏,中国,37,32,0,0,2020-02-27 21:02:04
136,盐城,江苏,中国,27,25,0,0,2020-02-27 21:02:04
137,扬州,江苏,中国,23,17,0,0,2020-02-27 21:02:04
138,宿迁,江苏,中国,13,11,0,0,2020-02-27 21:02:04
139,镇江,江苏,中国,12,10,0,0,2020-02-27 21:02:04
140,万州区,重庆,中国,118,79,4,0,2020-02-27 21:02:04
141,江北区,重庆,中国,28,16,0,0,2020-02-27 21:02:04
142,云阳县,重庆,中国,25,21,0,0,2020-02-27 21:02:04
143,合川区,重庆,中国,23,15,0,0,2020-02-27 21:02:04
144,綦江区,重庆,中国,23,13,0,0,2020-02-27 21:02:04
145,长寿区,重庆,中国,22,14,0,0,2020-02-27 21:02:04
146,奉节县,重庆,中国,22,13,0,0,2020-02-27 21:02:04
147,九龙坡区,重庆,中国,21,12,1,0,2020-02-27 21:02:04
148,忠县,重庆,中国,21,18,0,0,2020-02-27 21:02:04
149,开州区,重庆,中国,21,18,1,0,2020-02-27 21:02:04
150,垫江县,重庆,中国,20,10,0,0,2020-02-27 21:02:04
151,渝中区,重庆,中国,20,16,0,0,2020-02-27 21:02:04
152,潼南区,重庆,中国,18,7,0,0,2020-02-27 21:02:04
153,渝北区,重庆,中国,17,11,0,0,2020-02-27 21:02:04
154,两江新区,重庆,中国,17,12,0,0,2020-02-27 21:02:04
155,石柱县,重庆,中国,15,11,0,0,2020-02-27 21:02:04
156,南岸区,重庆,中国,15,8,0,0,2020-02-27 21:02:04
157,大足区,重庆,中国,14,10,0,0,2020-02-27 21:02:04
158,巫溪县,重庆,中国,14,12,0,0,2020-02-27 21:02:04
159,巫山县,重庆,中国,10,8,0,0,2020-02-27 21:02:04
160,铜梁区,重庆,中国,10,4,0,0,2020-02-27 21:02:04
161,丰都县,重庆,中国,10,4,0,0,2020-02-27 21:02:04
162,荣昌区,重庆,中国,9,6,0,0,2020-02-27 21:02:04
163,沙坪坝区,重庆,中国,9,3,0,0,2020-02-27 21:02:04
164,璧山区,重庆,中国,9,8,0,0,2020-02-27 21:02:04
165,大渡口区,重庆,中国,7,6,0,0,2020-02-27 21:02:04
166,巴南区,重庆,中国,6,3,0,0,2020-02-27 21:02:04
167,涪陵区,重庆,中国,5,2,0,0,2020-02-27 21:02:04
168,永川区,重庆,中国,5,5,0,0,2020-02-27 21:02:04
169,江津区,重庆,中国,4,4,0,0,2020-02-27 21:02:04
170,高新区,重庆,中国,4,4,0,0,2020-02-27 21:02:04
171,梁平区,重庆,中国,4,4,0,0,2020-02-27 21:02:04
172,彭水县,重庆,中国,2,1,0,0,2020-02-27 21:02:04
173,黔江区,重庆,中国,2,2,0,0,2020-02-27 21:02:04
174,城口县,重庆,中国,2,2,0,0,2020-02-27 21:02:04
175,武隆区,重庆,中国,1,1,0,0,2020-02-27 21:02:04
176,万盛经开区,重庆,中国,1,0,0,0,2020-02-27 21:02:04
177,酉阳县,重庆,中国,1,0,0,0,2020-02-27 21:02:04
178,秀山县,重庆,中国,1,1,0,0,2020-02-27 21:02:04
179,成都,四川,中国,143,83,3,0,2020-02-27 21:02:04
180,甘孜,四川,中国,74,18,0,0,2020-02-27 21:02:04
181,达州,四川,中国,42,20,0,0,2020-02-27 21:02:04
182,南充,四川,中国,39,23,0,0,2020-02-27 21:02:04
183,广安,四川,中国,30,20,0,0,2020-02-27 21:02:04
184,巴中,四川,中国,24,11,0,0,2020-02-27 21:02:04
185,泸州,四川,中国,24,17,0,0,2020-02-27 21:02:04
186,内江,四川,中国,22,15,0,0,2020-02-27 21:02:04
187,绵阳,四川,中国,22,14,0,0,2020-02-27 21:02:04
188,德阳,四川,中国,18,9,0,0,2020-02-27 21:02:04
189,遂宁,四川,中国,17,13,0,0,2020-02-27 21:02:04
190,攀枝花,四川,中国,16,16,0,0,2020-02-27 21:02:04
191,凉山,四川,中国,13,9,0,0,2020-02-27 21:02:04
192,宜宾,四川,中国,12,10,0,0,2020-02-27 21:02:04
193,自贡,四川,中国,9,8,0,0,2020-02-27 21:02:04
194,眉山,四川,中国,8,6,0,0,2020-02-27 21:02:04
195,雅安,四川,中国,7,6,0,0,2020-02-27 21:02:04
196,广元,四川,中国,6,6,0,0,2020-02-27 21:02:04
197,资阳,四川,中国,4,2,0,0,2020-02-27 21:02:04
198,乐山,四川,中国,3,3,0,0,2020-02-27 21:02:04
199,阿坝,四川,中国,1,1,0,0,2020-02-27 21:02:04
200,哈尔滨,黑龙江,中国,198,78,4,0,2020-02-27 21:02:04
201,双鸭山,黑龙江,中国,52,29,3,0,2020-02-27 21:02:04
202,绥化,黑龙江,中国,47,35,4,0,2020-02-27 21:02:04
203,鸡西,黑龙江,中国,46,27,0,0,2020-02-27 21:02:04
204,齐齐哈尔,黑龙江,中国,43,28,1,0,2020-02-27 21:02:04
205,大庆,黑龙江,中国,26,14,1,0,2020-02-27 21:02:04
206,七台河,黑龙江,中国,17,12,0,0,2020-02-27 21:02:04
207,佳木斯,黑龙江,中国,15,15,0,0,2020-02-27 21:02:04
208,牡丹江,黑龙江,中国,14,9,0,0,2020-02-27 21:02:04
209,黑河,黑龙江,中国,14,9,0,0,2020-02-27 21:02:04
210,鹤岗,黑龙江,中国,5,4,0,0,2020-02-27 21:02:04
211,大兴安岭,黑龙江,中国,2,2,0,0,2020-02-27 21:02:04
212,伊春,黑龙江,中国,1,0,0,0,2020-02-27 21:02:04
213,朝阳,北京,中国,70,0,0,0,2020-02-27 21:02:04
214,海淀,北京,中国,62,0,0,0,2020-02-27 21:02:04
215,西城,北京,中国,53,0,0,0,2020-02-27 21:02:04
216,丰台,北京,中国,42,0,0,0,2020-02-27 21:02:04
217,大兴,北京,中国,39,0,0,0,2020-02-27 21:02:04
218,昌平,北京,中国,29,0,0,0,2020-02-27 21:02:04
219,外地来京,北京,中国,25,0,0,0,2020-02-27 21:02:04
220,通州,北京,中国,19,0,0,0,2020-02-27 21:02:04
221,房山,北京,中国,16,0,0,0,2020-02-27 21:02:04
222,石景山,北京,中国,14,0,0,0,2020-02-27 21:02:04
223,东城,北京,中国,13,0,0,0,2020-02-27 21:02:04
224,顺义,北京,中国,10,0,0,0,2020-02-27 21:02:04
225,密云,北京,中国,7,0,0,0,2020-02-27 21:02:04
226,怀柔,北京,中国,7,0,0,0,2020-02-27 21:02:04
227,门头沟,北京,中国,3,0,0,0,2020-02-27 21:02:04
228,延庆,北京,中国,1,0,0,0,2020-02-27 21:02:04
229,地区待确认,北京,中国,0,248,5,0,2020-02-27 21:02:04
230,外地来沪,上海,中国,111,91,0,0,2020-02-27 21:02:04
231,浦东,上海,中国,60,51,0,0,2020-02-27 21:02:04
232,宝山,上海,中国,21,13,0,0,2020-02-27 21:02:04
233,闵行,上海,中国,19,17,0,0,2020-02-27 21:02:04
234,徐汇,上海,中国,18,15,0,0,2020-02-27 21:02:04
235,静安,上海,中国,16,13,0,0,2020-02-27 21:02:04
236,松江,上海,中国,14,11,0,0,2020-02-27 21:02:04
237,长宁,上海,中国,13,13,0,0,2020-02-27 21:02:04
238,普陀,上海,中国,11,9,0,0,2020-02-27 21:02:04
239,奉贤,上海,中国,9,8,0,0,2020-02-27 21:02:04
240,杨浦,上海,中国,9,8,0,0,2020-02-27 21:02:04
241,嘉定,上海,中国,9,6,0,0,2020-02-27 21:02:04
242,虹口,上海,中国,7,6,0,0,2020-02-27 21:02:04
243,黄浦,上海,中国,6,4,0,0,2020-02-27 21:02:04
244,青浦,上海,中国,6,5,0,0,2020-02-27 21:02:04
245,金山,上海,中国,4,3,0,0,2020-02-27 21:02:04
246,崇明,上海,中国,4,3,0,0,2020-02-27 21:02:04
247,地区待确认,上海,中国,0,0,3,0,2020-02-27 21:02:04
248,唐山,河北,中国,58,36,1,0,2020-02-27 21:02:04
249,沧州,河北,中国,48,35,3,0,2020-02-27 21:02:04
250,张家口,河北,中国,40,32,0,0,2020-02-27 21:02:04
251,保定,河北,中国,32,32,0,0,2020-02-27 21:02:04
252,邯郸,河北,中国,32,29,0,0,2020-02-27 21:02:04
253,廊坊,河北,中国,30,30,0,0,2020-02-27 21:02:04
254,石家庄,河北,中国,29,22,0,0,2020-02-27 21:02:04
255,邢台,河北,中国,23,22,1,0,2020-02-27 21:02:04
256,秦皇岛,河北,中国,10,8,1,0,2020-02-27 21:02:04
257,衡水,河北,中国,8,8,0,0,2020-02-27 21:02:04
258,承德,河北,中国,7,7,0,0,2020-02-27 21:02:04
259,福州,福建,中国,72,65,1,0,2020-02-27 21:02:04
260,莆田,福建,中国,56,35,0,0,2020-02-27 21:02:04
261,泉州,福建,中国,47,29,0,0,2020-02-27 21:02:04
262,厦门,福建,中国,35,30,0,0,2020-02-27 21:02:04
263,宁德,福建,中国,26,23,0,0,2020-02-27 21:02:04
264,漳州,福建,中国,20,15,0,0,2020-02-27 21:02:04
265,南平,福建,中国,20,12,0,0,2020-02-27 21:02:04
266,三明,福建,中国,14,8,0,0,2020-02-27 21:02:04
267,龙岩,福建,中国,6,6,0,0,2020-02-27 21:02:04
268,地区待确认,福建,中国,0,2,0,0,2020-02-27 21:02:04
269,南宁,广西,中国,55,42,0,0,2020-02-27 21:02:04
270,北海,广西,中国,44,29,1,0,2020-02-27 21:02:04
271,桂林,广西,中国,32,24,0,0,2020-02-27 21:02:04
272,河池,广西,中国,28,8,1,0,2020-02-27 21:02:04
273,柳州,广西,中国,24,15,0,0,2020-02-27 21:02:04
274,防城港,广西,中国,19,8,0,0,2020-02-27 21:02:04
275,来宾,广西,中国,11,2,0,0,2020-02-27 21:02:04
276,玉林,广西,中国,11,7,0,0,2020-02-27 21:02:04
277,贵港,广西,中国,8,5,0,0,2020-02-27 21:02:04
278,钦州,广西,中国,8,7,0,0,2020-02-27 21:02:04
279,梧州,广西,中国,5,5,0,0,2020-02-27 21:02:04
280,贺州,广西,中国,4,4,0,0,2020-02-27 21:02:04
281,百色,广西,中国,3,3,0,0,2020-02-27 21:02:04
282,崇左,广西,中国,0,0,0,0,2020-02-27 21:02:04
283,西安,陕西,中国,120,0,1,0,2020-02-27 21:02:04
284,安康,陕西,中国,26,0,0,0,2020-02-27 21:02:04
285,汉中,陕西,中国,26,0,0,0,2020-02-27 21:02:04
286,咸阳,陕西,中国,17,0,0,0,2020-02-27 21:02:04
287,渭南,陕西,中国,15,0,0,0,2020-02-27 21:02:04
288,宝鸡,陕西,中国,13,0,0,0,2020-02-27 21:02:04
289,延安,陕西,中国,8,0,0,0,2020-02-27 21:02:04
290,铜川,陕西,中国,8,0,0,0,2020-02-27 21:02:04
291,商洛,陕西,中国,7,0,0,0,2020-02-27 21:02:04
292,榆林,陕西,中国,3,0,0,0,2020-02-27 21:02:04
293,韩城,陕西,中国,1,0,0,0,2020-02-27 21:02:04
294,杨凌,陕西,中国,1,0,0,0,2020-02-27 21:02:04
295,地区待确认,陕西,中国,0,194,0,0,2020-02-27 21:02:04
296,昆明,云南,中国,53,48,0,0,2020-02-27 21:02:04
297,昭通市,云南,中国,25,15,0,0,2020-02-27 21:02:04
298,西双版纳州,云南,中国,15,14,1,0,2020-02-27 21:02:04
299,玉溪,云南,中国,14,12,1,0,2020-02-27 21:02:04
300,曲靖,云南,中国,13,12,0,0,2020-02-27 21:02:04
301,大理,云南,中国,13,12,0,0,2020-02-27 21:02:04
302,保山市,云南,中国,9,8,0,0,2020-02-27 21:02:04
303,红河,云南,中国,9,7,0,0,2020-02-27 21:02:04
304,丽江市,云南,中国,7,7,0,0,2020-02-27 21:02:04
305,德宏州,云南,中国,5,4,0,0,2020-02-27 21:02:04
306,普洱,云南,中国,4,4,0,0,2020-02-27 21:02:04
307,楚雄州,云南,中国,4,4,0,0,2020-02-27 21:02:04
308,文山州,云南,中国,2,2,0,0,2020-02-27 21:02:04
309,临沧,云南,中国,1,1,0,0,2020-02-27 21:02:04
310,三亚,海南,中国,54,43,1,0,2020-02-27 21:02:04
311,海口,海南,中国,39,31,0,0,2020-02-27 21:02:04
312,儋州,海南,中国,15,12,1,0,2020-02-27 21:02:04
313,万宁,海南,中国,13,11,0,0,2020-02-27 21:02:04
314,澄迈县,海南,中国,9,6,1,0,2020-02-27 21:02:04
315,昌江县,海南,中国,7,3,0,0,2020-02-27 21:02:04
316,临高县,海南,中国,6,6,0,0,2020-02-27 21:02:04
317,琼海,海南,中国,6,4,1,0,2020-02-27 21:02:04
318,陵水县,海南,中国,4,4,0,0,2020-02-27 21:02:04
319,文昌,海南,中国,3,3,0,0,2020-02-27 21:02:04
320,定安县,海南,中国,3,2,1,0,2020-02-27 21:02:04
321,保亭,海南,中国,3,1,0,0,2020-02-27 21:02:04
322,东方,海南,中国,3,2,0,0,2020-02-27 21:02:04
323,乐东,海南,中国,2,2,0,0,2020-02-27 21:02:04
324,琼中县,海南,中国,1,1,0,0,2020-02-27 21:02:04
325,贵阳,贵州,中国,36,27,1,0,2020-02-27 21:02:04
326,遵义,贵州,中国,32,19,0,0,2020-02-27 21:02:04
327,毕节,贵州,中国,23,15,0,0,2020-02-27 21:02:04
328,黔南州,贵州,中国,17,15,0,0,2020-02-27 21:02:04
329,铜仁,贵州,中国,10,10,0,0,2020-02-27 21:02:04
330,黔东南州,贵州,中国,10,10,0,0,2020-02-27 21:02:04
331,六盘水,贵州,中国,10,8,1,0,2020-02-27 21:02:04
332,安顺,贵州,中国,4,4,0,0,2020-02-27 21:02:04
333,黔西南州,贵州,中国,4,4,0,0,2020-02-27 21:02:04
334,宝坻区,天津,中国,60,39,0,0,2020-02-27 21:02:04
335,河东区,天津,中国,15,11,0,0,2020-02-27 21:02:04
336,河北区,天津,中国,12,10,0,0,2020-02-27 21:02:04
337,南开区,天津,中国,6,2,0,0,2020-02-27 21:02:04
338,外地来津,天津,中国,6,5,0,0,2020-02-27 21:02:04
339,北辰区,天津,中国,6,3,0,0,2020-02-27 21:02:04
340,和平区,天津,中国,6,5,0,0,2020-02-27 21:02:04
341,河西区,天津,中国,4,4,0,0,2020-02-27 21:02:04
342,东丽区,天津,中国,4,4,0,0,2020-02-27 21:02:04
343,宁河区,天津,中国,4,1,0,0,2020-02-27 21:02:04
344,西青区,天津,中国,4,4,0,0,2020-02-27 21:02:04
345,滨海新区,天津,中国,3,3,0,0,2020-02-27 21:02:04
346,武清区,天津,中国,2,2,0,0,2020-02-27 21:02:04
347,红桥区,天津,中国,2,2,0,0,2020-02-27 21:02:04
348,津南区,天津,中国,1,1,0,0,2020-02-27 21:02:04
349,地区待确认,天津,中国,0,0,3,0,2020-02-27 21:02:04
350,晋中,山西,中国,37,25,0,0,2020-02-27 21:02:04
351,太原,山西,中国,20,16,0,0,2020-02-27 21:02:04
352,运城,山西,中国,19,18,0,0,2020-02-27 21:02:04
353,大同,山西,中国,12,8,0,0,2020-02-27 21:02:04
354,晋城,山西,中国,10,7,0,0,2020-02-27 21:02:04
355,长治,山西,中国,8,7,0,0,2020-02-27 21:02:04
356,朔州,山西,中国,8,6,0,0,2020-02-27 21:02:04
357,忻州,山西,中国,7,5,0,0,2020-02-27 21:02:04
358,吕梁,山西,中国,6,6,0,0,2020-02-27 21:02:04
359,阳泉,山西,中国,4,4,0,0,2020-02-27 21:02:04
360,临汾,山西,中国,2,2,0,0,2020-02-27 21:02:04
361,沈阳,辽宁,中国,28,23,0,0,2020-02-27 21:02:04
362,大连,辽宁,中国,19,12,0,0,2020-02-27 21:02:04
363,葫芦岛,辽宁,中国,12,6,1,0,2020-02-27 21:02:04
364,锦州,辽宁,中国,12,11,0,0,2020-02-27 21:02:04
365,盘锦,辽宁,中国,11,10,0,0,2020-02-27 21:02:04
366,阜新,辽宁,中国,8,8,0,0,2020-02-27 21:02:04
367,丹东,辽宁,中国,7,6,0,0,2020-02-27 21:02:04
368,铁岭,辽宁,中国,7,5,0,0,2020-02-27 21:02:04
369,朝阳市,辽宁,中国,6,3,0,0,2020-02-27 21:02:04
370,鞍山,辽宁,中国,4,1,0,0,2020-02-27 21:02:04
371,本溪,辽宁,中国,3,3,0,0,2020-02-27 21:02:04
372,辽阳,辽宁,中国,3,3,0,0,2020-02-27 21:02:04
373,营口,辽宁,中国,1,1,0,0,2020-02-27 21:02:04
374,长春,吉林,中国,45,33,0,0,2020-02-27 21:02:04
375,四平,吉林,中国,15,11,1,0,2020-02-27 21:02:04
376,辽源,吉林,中国,7,2,0,0,2020-02-27 21:02:04
377,公主岭,吉林,中国,6,4,0,0,2020-02-27 21:02:04
378,通化,吉林,中国,6,2,0,0,2020-02-27 21:02:04
379,延边,吉林,中国,5,5,0,0,2020-02-27 21:02:04
380,吉林,吉林,中国,5,5,0,0,2020-02-27 21:02:04
381,松原,吉林,中国,2,2,0,0,2020-02-27 21:02:04
382,梅河口市,吉林,中国,1,1,0,0,2020-02-27 21:02:04
383,白城,吉林,中国,1,0,0,0,2020-02-27 21:02:04
384,地区待确认,香港,中国,92,24,2,0,2020-02-27 21:02:04
385,兰州,甘肃,中国,36,31,2,0,2020-02-27 21:02:04
386,天水,甘肃,中国,12,12,0,0,2020-02-27 21:02:04
387,定西,甘肃,中国,9,8,0,0,2020-02-27 21:02:04
388,平凉,甘肃,中国,9,6,0,0,2020-02-27 21:02:04
389,甘南州,甘肃,中国,8,8,0,0,2020-02-27 21:02:04
390,陇南,甘肃,中国,4,4,0,0,2020-02-27 21:02:04
391,白银,甘肃,中国,4,3,0,0,2020-02-27 21:02:04
392,庆阳,甘肃,中国,3,2,0,0,2020-02-27 21:02:04
393,临夏,甘肃,中国,3,3,0,0,2020-02-27 21:02:04
394,张掖,甘肃,中国,2,2,0,0,2020-02-27 21:02:04
395,金昌,甘肃,中国,1,1,0,0,2020-02-27 21:02:04
396,地区待确认,甘肃,中国,0,1,0,0,2020-02-27 21:02:04
397,乌鲁木齐,新疆,中国,23,13,0,0,2020-02-27 21:02:04
398,伊犁州,新疆,中国,18,8,0,0,2020-02-27 21:02:04
399,兵团第四师,新疆,中国,10,1,0,0,2020-02-27 21:02:04
400,第八师石河子,新疆,中国,4,1,1,0,2020-02-27 21:02:04
401,兵团第九师,新疆,中国,4,1,1,0,2020-02-27 21:02:04
402,昌吉州,新疆,中国,4,3,0,0,2020-02-27 21:02:04
403,兵团第十二师,新疆,中国,3,1,0,0,2020-02-27 21:02:04
404,巴州,新疆,中国,3,3,0,0,2020-02-27 21:02:04
405,吐鲁番,新疆,中国,3,1,0,0,2020-02-27 21:02:04
406,六师五家渠,新疆,中国,2,0,0,0,2020-02-27 21:02:04
407,第七师,新疆,中国,1,1,0,0,2020-02-27 21:02:04
408,阿克苏,新疆,中国,1,1,0,0,2020-02-27 21:02:04
409,包头,内蒙古,中国,11,5,0,0,2020-02-27 21:02:04
410,鄂尔多斯,内蒙古,中国,11,9,0,0,2020-02-27 21:02:04
411,赤峰,内蒙古,中国,9,5,0,0,2020-02-27 21:02:04
412,锡林郭勒,内蒙古,中国,9,2,0,0,2020-02-27 21:02:04
413,巴彦淖尔,内蒙古,中国,8,6,0,0,2020-02-27 21:02:04
414,呼伦贝尔,内蒙古,中国,7,4,0,0,2020-02-27 21:02:04
415,通辽,内蒙古,中国,7,2,0,0,2020-02-27 21:02:04
416,呼和浩特,内蒙古,中国,7,2,0,0,2020-02-27 21:02:04
417,乌兰察布,内蒙古,中国,3,2,0,0,2020-02-27 21:02:04
418,乌海,内蒙古,中国,2,1,0,0,2020-02-27 21:02:04
419,兴安盟乌兰浩特,内蒙古,中国,1,0,0,0,2020-02-27 21:02:04
420,银川,宁夏,中国,33,30,0,0,2020-02-27 21:02:04
421,吴忠,宁夏,中国,28,25,0,0,2020-02-27 21:02:04
422,固原,宁夏,中国,5,5,0,0,2020-02-27 21:02:04
423,中卫,宁夏,中国,4,3,0,0,2020-02-27 21:02:04
424,石嘴山,宁夏,中国,1,1,0,0,2020-02-27 21:02:04
425,宁东管委会,宁夏,中国,1,1,0,0,2020-02-27 21:02:04
426,地区待确认,台湾,中国,32,5,1,0,2020-02-27 21:02:04
427,西宁,青海,中国,15,15,0,0,2020-02-27 21:02:04
428,海北州,青海,中国,3,3,0,0,2020-02-27 21:02:04
429,地区待确认,澳门,中国,10,7,0,0,2020-02-27 21:02:04
430,地区待确认,西藏,中国,1,1,0,0,2020-02-27 21:02:04
